Auditor,Count
Unaudited,680
KPMG LLP,19
Deloitte LLP,15
PricewaterhouseCoopers LLP,12
JSA Services Limited,9
MMO Limited,9
AEL Markhams Ltd,8
Grant Thornton UK LLP,8
Nichols & Co (Accountancy) Limited,7
SRLV Chartered Accountants & Statutory Auditor,7
Mark Stephen Beckford & Co,6
PKF Littlejohn LLP,6
TaxAssist Accountants Victoria,6
AEL Partners LLP,5
Goldwyns Chartered Accountants,5
Mazars LLP,5
Shipleys LLP,5
Templetons (UK) Limited,5
Civvals Limited,4
Ernst & Young LLP,4
Alton & Co Chartered Accountants,3
Brooks Green Chartered Accountants,3
Centrum Chartered Accountants,3
Harmer Slater Limited,3
KS Solutions Ltd,3
Olaando Consulting Ltd,3
SJD Accountancy,3
Tax Return Accountants Ltd,3
Thorne Smith Accountants Ltd T/A MSB Benfleet,3
Abigail Sayagh,2
AUDITA LTD,2
Ballams Chartered Accountants,2
BSG Valentine (UK) LLP,2
Cannon Moorcroft Limited,2
Cooper Paul,2
Cymans Chartered Certified Accountants,2
ELM Partners Chartered Certified Accountants & Registered Auditors,2
Freeman Carr,2
Freemans Partnership LLP,2
Global Prestige Limited,2
Goodman Jones LLP,2
Grunberg & Co Limited,2
Harvey Smith & Co DVQ Limited,2
Hughes Waddell,2
Joseph Kahan Associates LLP,2
Kelley & Lowe Limited,2
King & King Chartered Accountants,2
Mawson Breskal & Co,2
Platt Rushton LLP,2
RPG Crouch Chapman LLP,2
Segrave & Partners LLP,2
Seymour Taylor Ltd,2
SPW (UK) LLP,2
Sterlings Accountancy Solutions Limited,2
Sumitomo Electric Finance UK Limited,2
Taxace Solutions Ltd,2
Ten Forward Accounting Ltd,2
Thorne Lancaster Parker,2
TOC KAN & CO,2
Tuite Tang Wong,2
Westminster Accountancy Ltd,2
Zenith Accounting & Business Solutions Ltd,2
2E Accountants Ltd,1
"A.Hughes-Jones, Dyson & Co.",1
Alexander Maximilian John MICHAELIS,1
Allen Robyn & Associates Limited,1
Alliotts LLP,1
Amold Hill & Co LLP,1
Artifin Accountants,1
B C Business Centrum Limited,1
Bayar Hughes & Co,1
Berg Kaprow Lewis LLP,1
Berkeley Financial Solutions LLP,1
Berringers LLP,1
BKL Audit LLP,1
Blitz Gooday Ltd,1
Blythe & Co,1
Boyett Mayes Limited,1
Bramil Associates LLP,1
Brindley Goldstein Ltd,1
Burnbecks Limited,1
Carbon Accountancy Limited,1
CBHC Limited,1
Complete Accounting Solutions,1
Dafferns LLP Chartered Accountants,1
DNI German Holdings I Limited 6to9,1
EDMUND CARR LLP,1
Fleming McGillivray & Co Limited,1
Fortus Midlands Limited,1
Francis James & Partners LLP,1
George & Co.,1
Heighten Accountants,1
Hermes Secretariat Limited,1
Icon Tax Limited,1
Inigo Managing Agent Limited,1
Intertax Consulting Ltd,1
John Waitte Associates Limited,1
K5 Solutions Ltd,1
Keith Vaudrey & Co Ltd,1
KMA Auditors Limited,1
Kojo & Co. Ltd Chartered Certified Accountants,1
Lanham and Company Limited,1
Lawson & Co,1
Legend Financial and Tax Advisers Limited,1
Marcus Bishop Associates,1
Margaret Murray,1
"Mark Essandoh, FCCA.FAIA",1
MC2 Accountants U.K. Limited T/A MC2 Accountants U.K. Chartered Accountants & Registered Auditors,1
Mostons,1
N Saha & Co,1
Owadally & King Chartered Certified Accountants,1
Passmore Weeks and Richardson,1
Peter Lawson & Co,1
Pinkham Blair,1
Pinkham Blair Chartered Accountants,1
Power Hynes Associates,1
"Pursuant to Section 487 of the Companies Act 2006, the audi",1
Randall & Payne LLP,1
Reddy Siddiqui LLP,1
RFMAssociates,1
Robert A. Price F. C. C. A.,1
Robsons Accountants,1
Rodliffe Accounting Limited,1
Roy Pinnock & Co LLP Chartered Certified Accountants,1
RSM UK Audit LLP,1
Saffery Champness LLP,1
Scout Moor Wind Farm Limited,1
Silver Levene LLP,1
Simmons Gainsford LLP,1
Sinclairs Bartrum Lerner,1
Sterlings Ltd,1
Susan King FCA,1
SYED ARIF LIMITED,1
Taylor Associates Chartered Accountants,1
The Hughes Consultancy,1
Thomas Alexander & Co Ltd,1
UHY Hacker Young,1
Venitt and Greaves,1
Wheelers Chartered Accountants & Tax Consultants,1
Wilder Coe Ltd,1
Wilson & Co Chartered Certified Accountants,1
Wilson Wright LLP.,1
Worth Knowing Accountants Ltd,1
WSM Advisors Limited,1
